Trial,Individual Gain
0,81.40000000000018
1,77.20000000000022
2,69.40000000000029
3,89.2000000000001
4,74.20000000000024
