Trial,Individual Gain
0,79.6000000000002
1,19.000000000000234
2,94.60000000000005
3,95.20000000000005
4,82.60000000000016
