Trial,Individual Gain
0,1.000000000000234
1,1.000000000000234
2,29.80000000000026
3,1.000000000000234
4,1.000000000000234
