fitness,player_health,enemy_health,time
89.60150296873417,48,0,181
89.60150296873417,48,0,181
89.60150296873417,48,0,181
89.60150296873417,48,0,181
48.912403664767616,0,40.0,162
