Trial,Individual Gain
0,89.8000000000001
1,89.8000000000001
2,86.20000000000013
3,96.40000000000003
4,96.40000000000003
