Trial,Individual Gain
0,41.20000000000029
1,87.40000000000012
2,44.200000000000294
3,85.60000000000014
4,96.40000000000003
