fitness,player_health,enemy_health,time
90.62326625757942,56,0,145
90.12482618476618,52,0,160
90.12482618476618,52,0,160
90.33740496697304,54,0,158
90.12482618476618,52,0,160
