fitness,player_health,enemy_health,time
91.41639337829167,64,0,146
90.58272016318507,56,0,151
90.55014399275046,56,0,156
90.58272016318507,56,0,151
90.58272016318507,56,0,151
