fitness,player_health,enemy_health,time
92.53357331188757,82,0,289
92.56878821817864,82,0,279
92.53357331188757,82,0,289
91.65873645484157,72,0,255
92.56878821817864,82,0,279
