Trial,Individual Gain
0,-88.99999999999977
1,82.00000000000017
2,98.20000000000002
3,86.80000000000013
4,98.20000000000002
