fitness,player_health,enemy_health,time
92.53357331188757,82,0,289
75.07842158035618,0,10.0,373
92.53357331188757,82,0,289
92.53703951986405,82,0,288
92.56878821817864,82,0,279
