fitness,player_health,enemy_health,time
6.2919497988977895,0,90.0,15
-2.70805020110221,0,100,15
6.2919497988977895,0,90.0,15
-2.70805020110221,0,100,15
6.2919497988977895,0,90.0,15
