fitness,player_health,enemy_health,time
21.511062273843315,0,70.0,242
21.511062273843315,0,70.0,242
21.515203066509343,0,70.0,241
21.515203066509343,0,70.0,241
22.40488014986541,0,70.0,99
