fitness,player_health,enemy_health,time
57.900133572175804,0,30.0,164
89.78936470590374,48,0,150
90.51859563501553,56,0,161
89.78936470590374,48,0,150
57.900133572175804,0,30.0,164
