Trial,Individual Gain
0,89.2000000000001
1,45.4000000000003
2,80.20000000000019
3,47.2000000000003
4,87.40000000000012
