Trial,Individual Gain
0,100
1,88.00000000000011
2,89.8000000000001
3,88.00000000000011
4,86.80000000000013
