fitness,player_health,enemy_health,time
-4.969813299576001,0,100,144
-5.10594547390058,0,100,165
-4.969813299576001,0,100,144
-5.10594547390058,0,100,165
-4.969813299576001,0,100,144
