fitness,player_health,enemy_health,time
30.795993312923205,0,60.0,182
66.7742533262868,0,20.0,186
66.7959933129232,0,20.0,182
66.7742533262868,0,20.0,186
66.74250462797222,0,20.0,192
