fitness,player_health,enemy_health,time
-5.278114659230517,0,100,196
-5.187385805840755,0,100,179
-5.278114659230517,0,100,196
-5.278114659230517,0,100,196
-5.278114659230517,0,100,196
