fitness,player_health,enemy_health,time
66.77964417492167,0,20.0,185
66.77964417492167,0,20.0,185
89.52482618476617,46,0,160
66.77964417492167,0,20.0,185
90.4371553697401,54,0,143
