fitness,player_health,enemy_health,time
92.36878821817864,80,0,279
75.22544845445559,0,10.0,322
92.36878821817864,80,0,279
75.22544845445559,0,10.0,322
92.36878821817864,80,0,279
