fitness,player_health,enemy_health,time
92.2825471035353,78,0,249
93.34041448585583,88,0,235
92.2825471035353,78,0,249
92.08657125383502,76,0,248
93.34041448585583,88,0,235
