Trial,Individual Gain
0,100
1,91.00000000000009
2,91.00000000000009
3,100
4,89.2000000000001
