Trial,Individual Gain
0,79.6000000000002
1,75.40000000000023
2,77.20000000000022
3,88.60000000000011
4,79.6000000000002
