fitness,player_health,enemy_health,time
92.05873645484156,76,0,255
92.12772932632852,76,0,238
92.17237888630936,78,0,278
92.05873645484156,76,0,255
92.12772932632852,76,0,238
