Trial,Individual Gain
0,29.80000000000026
1,25.00000000000025
2,33.40000000000027
3,25.00000000000025
4,25.00000000000025
