fitness,player_health,enemy_health,time
57.55326262833369,0,30.0,232
66.34751081973135,0,20.0,285
57.55326262833369,0,30.0,232
57.55326262833369,0,30.0,232
30.648141866523932,0,60.0,211
