Trial,Individual Gain
0,10.000000000000284
1,91.00000000000009
2,26.6000000000003
3,-76.19999999999976
4,-21.79999999999972
