fitness,player_health,enemy_health,time
91.49405452609942,66,0,165
91.7001335721758,68,0,164
91.58506424239101,68,0,184
91.7001335721758,68,0,164
91.49405452609942,66,0,165
