Trial,Individual Gain
0,42.40000000000029
1,42.40000000000029
2,28.000000000000256
3,28.000000000000256
4,28.000000000000256
