Trial,Individual Gain
0,33.40000000000027
1,28.000000000000256
2,22.600000000000243
3,22.600000000000243
4,28.000000000000256
