Trial,Individual Gain
0,92.80000000000007
1,92.80000000000007
2,72.40000000000026
3,85.60000000000014
4,70.60000000000028
