Trial,Individual Gain
0,76.60000000000022
1,89.2000000000001
2,56.800000000000324
3,77.20000000000022
4,89.2000000000001
