Trial,Individual Gain
0,25.00000000000025
1,25.00000000000025
2,33.40000000000027
3,25.00000000000025
4,33.40000000000027
