fitness,player_health,enemy_health,time
57.316420232661315,0,30.0,294
48.527729326328526,0,40.0,238
48.527729326328526,0,40.0,238
57.5028317747068,0,30.0,244
57.316420232661315,0,30.0,294
