Trial,Individual Gain
0,87.40000000000012
1,91.00000000000009
2,-100
3,91.00000000000009
4,86.80000000000013
