fitness,player_health,enemy_health,time
90.38936470590374,54,0,150
92.49405452609942,76,0,165
92.49405452609942,76,0,165
91.58506424239101,68,0,184
90.38936470590374,54,0,150
