fitness,player_health,enemy_health,time
92.63547959267731,82,0,261
92.1266767328285,78,0,291
75.22855887686998,0,10.0,321
92.63547959267731,82,0,261
92.63547959267731,82,0,261
