Trial,Individual Gain
0,27.400000000000254
1,27.400000000000254
2,29.80000000000026
3,27.400000000000254
4,29.80000000000026
