Trial,Individual Gain
0,-27.394531095157767
1,-26.586210013123885
2,-27.41463713787006
3,-24.68082762620766
4,-26.483261257936963
