Trial,Individual Gain
0,86.20000000000013
1,87.40000000000012
2,87.40000000000012
3,94.00000000000006
4,87.40000000000012
