Trial,Individual Gain
0,83.20000000000016
1,90.40000000000009
2,-100
3,90.40000000000009
4,67.6000000000003
