Trial,Individual Gain
0,20.846772092499467
1,1.337796367865982
2,-9.680285167586323
3,20.614535033683527
4,-7.4538868065672474
