Trial,Individual Gain
0,85.60000000000014
1,-79.39999999999976
2,89.2000000000001
3,92.80000000000007
4,-87.19999999999976
