Trial,Individual Gain
0,21.40000000000024
1,29.80000000000026
2,33.40000000000027
3,21.40000000000024
4,29.80000000000026
