fitness,player_health,enemy_health,time
-5.056245805348308,0,100,157
-5.153291594497779,0,100,173
-5.056245805348308,0,100,157
-5.056245805348308,0,100,157
-5.056245805348308,0,100,157
