Trial,Individual Gain
0,96.40000000000003
1,85.60000000000014
2,44.800000000000296
3,43.60000000000029
4,52.00000000000031
