fitness,player_health,enemy_health,time
-4.927253685157205,0,100,138
-5.123963979403259,0,100,168
-5.123963979403259,0,100,168
-5.123963979403259,0,100,168
-4.927253685157205,0,100,138
