Trial,Individual Gain
0,93.40000000000006
1,89.2000000000001
2,68.2000000000003
3,75.40000000000023
4,67.6000000000003
