Trial,Individual Gain
0,100
1,86.20000000000013
2,100
3,98.80000000000001
4,90.40000000000009
