fitness,player_health,enemy_health,time
91.57237888630937,72,0,278
91.57598249381266,72,0,277
91.96164533066624,76,0,281
75.19185751001956,0,10.0,333
91.57237888630937,72,0,278
