Trial,Individual Gain
0,21.40000000000024
1,21.40000000000024
2,21.40000000000024
3,21.40000000000024
4,21.40000000000024
