fitness,player_health,enemy_health,time
-4.948759890378168,0,100,141
-4.948759890378168,0,100,141
-4.948759890378168,0,100,141
-5.170483995038151,0,100,176
-5.170483995038151,0,100,176
