fitness,player_health,enemy_health,time
-2.70805020110221,0,100,15
-2.70805020110221,0,100,15
-2.70805020110221,0,100,15
-2.70805020110221,0,100,15
-2.70805020110221,0,100,15
