fitness,player_health,enemy_health,time
91.97946500072771,74,0,226
92.90624979919323,80,0,163
91.97946500072771,74,0,226
87.36956207860757,24,0,153
92.90624979919323,80,0,163
