fitness,player_health,enemy_health,time
92.51173296930546,78,0,198
92.74250462797222,80,0,192
91.87212383121042,72,0,206
93.52188534076949,88,0,196
91.87212383121042,72,0,206
