fitness,player_health,enemy_health,time
13.394829814011908,0,80.0,100
13.435651808532164,0,80.0,96
22.435651808532164,0,70.0,96
13.435651808532164,0,80.0,96
22.40488014986541,0,70.0,99
