fitness,player_health,enemy_health,time
-5.187385805840755,0,100,179
-5.209486152841421,0,100,183
-5.187385805840755,0,100,179
-5.187385805840755,0,100,179
-5.209486152841421,0,100,183
