fitness,player_health,enemy_health,time
66.25060701409174,0,20.0,314
92.33703951986405,80,0,288
66.25060701409174,0,20.0,314
66.25060701409174,0,20.0,314
48.37959913428285,0,40.0,276
