fitness,player_health,enemy_health,time
-5.25227342804663,0,100,191
-4.969813299576001,0,100,144
-5.25227342804663,0,100,191
-4.969813299576001,0,100,144
-4.969813299576001,0,100,144
