Trial,Individual Gain
0,65.80000000000032
1,89.2000000000001
2,82.00000000000017
3,69.40000000000029
4,49.60000000000031
