Trial,Individual Gain
0,1.000000000000234
1,33.40000000000027
2,1.000000000000234
3,1.000000000000234
4,29.80000000000026
