fitness,player_health,enemy_health,time
88.98272016318508,40,0,151
58.00278772623589,0,30.0,148
67.08001907417187,0,20.0,137
88.98272016318508,40,0,151
67.08001907417187,0,20.0,137
